cve,descrip
1,Entrevista completa
2,Entrevista incompleta
3,Entrevista aplazada
4,Ausencia del sujeto o el apoderado o informante de un familiar cercano
5,Ausencia de ocupantes o informante adecuado
6,Negativa
7,El sujeto no es apto para la entrevista y sin informante suplente
8,Sujeto fallecido sin informante familiar
9,Edad fuera del rango para nueva muestra
10,Cambio de residencia
11,El sujeto no pudo ser localizado
12,La residencia no pudo ser localizada
13,Otra situaci�n
14,Residencia vac�a
