﻿nombre_campo,longitud,tipo,nemónico,catálogo,rango_claves
"Clave Única del Hogar","5","C","cunicah","","00001...20218"
"Número de Persona","3","C","np","","010...064"
"Subhogar levantamiento 2021","2","C","subhog_21","subhog_21","00...04,11...21,31...40,70...72,77"
"Tipo de entrevista","1","C","tipent_21","tipent_21","1...4"
"Seguimiento y nueva muestra/cónyuges 2021","1","C","new_sample_21","new_sample_21","1...4"
"Factor individual 2021","6","C","factori_21","","13...116633"
"Factor hogar 2021","5","C","factorh_21","","26...98872"
"Unidad Primaria de Muestreo de Diseño","8","C","upm_dis_21","","00000001...00012514"
"Estrato de diseño","1","C","est_dis_21","est_dis_21","1...4"
"Sexo","1","C","genero","genero","1,2"
"Edad 2001 (en años)","3","C","edad_01","edad_01","020...100,888,999"
"Edad 2003 (en años)","3","C","edad_03","edad_03","022...100,888,999"
"Edad 2021 (en años)","3","C","edad_21","edad_21","023...106,888,999"
"Edad 2021 (en grupos)","1","C","edad_gru_21","edad_gru_21","0...4"
"Tamaño de localidad (urbano/rural) 2021","1","C","urbano_21","urbano_21","0,1"
"Años de educación","2","C","educacion","","00...22"
"Años de educación (grupos)","1","C","edu_gru","edu_gru","0...4"
"Estado conyugal 2021","1","C","est_conyugal_21","est_conyugal_21","1...4"
"Número de uniones 2021","2","C","n_uniones_21","","00...13"
"Número de uniones 2021 (grupos)","1","C","uniones_gru_21","uniones_gru_21","0...3"
"Número de hijos vivos 2021","2","C","n_hijos_vivos_21","","00...21"
"Número de hijos vivos 2021 (grupos)","1","C","hijos_vivos_gru_21","hijos_vivos_gru_21","0...4"
"Ha trabajado/vivido en EE. UU. 2021","1","C","migracion_21","migracion_21","0,1"
"Auto-reporte de salud global 2021","1","C","salud_glob_21","salud_glob_21","1...5"
"Dificultad para vestirse 2021","1","C","abvd_vestirse_21","abvd_vestirse_21","0,1"
"Dificultad para cruzar un cuarto 2021","1","C","abvd_caminar_21","abvd_caminar_21","0,1"
"Dificultad para bañarse en una tina o regadera 2021","1","C","abvd_banar_21","abvd_banar_21","0,1"
"Dificultad para comer 2021","1","C","abvd_comer_21","abvd_comer_21","0,1"
"Dificultad para acostarse y/o levantarse de la cama 2021","1","C","abvd_cama_21","abvd_cama_21","0,1"
"Dificultad para usar el excusado 2021","1","C","abvd_bano_21","abvd_bano_21","0,1"
"Número de limitaciones con ABVDs 2021 (grupos)","1","C","abvd_gru_21","abvd_gru_21","0...3"
"Número de limitaciones con ABVDs 2021 (0-5)","1","C","n_abvd_21","","0...5"
"Dificultad para manejar dinero 2021","1","C","aivd_dinero_21","aivd_dinero_21","0,1"
"Dificultad para tomar medicamentos 2021","1","C","aivd_medicina_21","aivd_medicina_21","0,1"
"Dificultad para comprar víveres/mandados 2021","1","C","aivd_comprar_21","aivd_comprar_21","0,1"
"Dificultad para preparar una comida caliente 2021","1","C","aivd_comidas_21","aivd_comidas_21","0,1"
"Número de limitaciones con AIVDs 2021 (grupos)","1","C","aivd_gru_21","aivd_gru_21","0...3"
"Número de limitaciones con AIVDs 2021 (0-4)","1","C","n_aivd_21","","0...4"
"Durante la semana pasada: Se ha sentido deprimido 2021","1","C","deprimido_21","deprimido_21","0,1"
"Durante la semana pasada: Ha sentido que todo era esfuerzo 2021","1","C","esfuerzo_21","esfuerzo_21","0,1"
"Durante la semana pasada: Sueño intranquilo 2021","1","C","intranquilo_21","intranquilo_21","0,1"
"Durante la semana pasada: Se ha sentido feliz 2021","1","C","feliz_21","feliz_21","0,1"
"Durante la semana pasada: Se ha sentido solo 2021","1","C","solo_21","solo_21","0,1"
"Durante la semana pasada: Ha sentido que disfrutaba de la vida 2021","1","C","disf_vida_21","disf_vida_21","0,1"
"Durante la semana pasada: Se ha sentido triste 2021","1","C","triste_21","triste_21","0,1"
"Durante la semana pasada: Se ha sentido cansado 2021","1","C","cansado_21","cansado_21","0,1"
"Durante la semana pasada: Ha tenido mucha energía 2021","1","C","energia_21","energia_21","0,1"
"Número de síntomas depresivos CES-D 2021 (0-9)","1","C","n_sint_depr_21","","0...9"
"Con 5 o más síntomas depresivos CES-D 2021","1","C","cesd_deprimido_21","cesd_deprimido_21","0,1"
"Alguna vez le han dicho que tiene hipertensión/presión arterial alta 2021","1","C","hipertension_21","hipertension_21","0,1"
"Alguna vez le han dicho que tiene diabetes 2021","1","C","diabetes_21","diabetes_21","0,1"
"Alguna vez le han dicho que tiene enfermedad pulmonar 2021","1","C","enf_pulm_21","enf_pulm_21","0,1"
"Alguna vez le han dicho que tiene problema de corazón 2021","1","C","prob_card_21","prob_card_21","0,1"
"Alguna vez le han dicho que tiene artritis 2021","1","C","artritis_21","artritis_21","0,1"
"Alguna vez le han dicho que ha tenido ataque/infarto al corazón 2021","1","C","infarto_21","infarto_21","0,1"
"Alguna vez le han dicho que ha tenido embolia 2021","1","C","embolia_21","embolia_21","0,1"
"Alguna vez le han dicho que ha tenido cáncer 2021","1","C","cancer_21","cancer_21","0,1"
"Número de enfermedades 2021 (0-7)","1","C","n_enf_21","","0...6"
"Número de enfermedades - Categórico 2021","1","C","enf_cat_21","enf_cat_21","0...2"
"Índice de masa corporal 2021 (5 categorías)","1","C","imc_cat_21","imc_cat_21","1...5"
"Hace ejercicio 3+ veces por semana 2021","1","C","ejer_3_por_sem_21","ejer_3_por_sem_21","0,1"
"Actualmente consume alcohol 2021","1","C","alcohol_21","alcohol_21","0,1"
"Actualmente fuma 2021","1","C","tabaco_21","tabaco_21","0,1"
"Cuidados preventivos: Prueba para detección del cáncer de colon 2021","1","C","prueba_colon_21","prueba_colon_21","0,1"
"Cuidados preventivos: Se mide colesterol 2021","1","C","mide_col_21","mide_col_21","0,1"
"Cuidados preventivos: Prueba para la tuberculosis 2021","1","C","prueba_tuber_21","prueba_tuber_21","0,1"
"Cuidados preventivos: Prueba para la diabetes 2021","1","C","prueba_diab_21","prueba_diab_21","0,1"
"Cuidados preventivos: Prueba para la hipertensión o presión alta 2021","1","C","prueba_pres_21","prueba_pres_21","0,1"
"Cuidados preventivos: Se vacuna contra la influenza 2021","1","C","vacu_gripa_21","vacu_gripa_21","0,1"
"Cuidados preventivos: Vacuna contra la neumonía 2021","1","C","vacu_neumo_21","vacu_neumo_21","0,1"
"Cuidados preventivos: Vacuna contra COVID-19 2021","1","C","vacu_covid_21","vacu_covid_21","0,1"
"Cuidados preventivos: Auto-examen mensual de senos (mujeres) 2021","1","C","auto_exam_mama_21","auto_exam_mama_21","0,1"
"Cuidados preventivos: Prueba papanicolau (mujeres) 2021","1","C","papanic_21","papanic_21","0,1"
"Cuidados preventivos: Mamografía (mujeres) 2021","1","C","mamografia_21","mamografia_21","0,1"
"Cuidados preventivos: Examen de próstata (hombres) 2021","1","C","exam_prostata_21","exam_prostata_21","0,1"
"R tiene dificultad para quedarse dormido 2021","1","C","dormido_21","dormido_21","0,1"
"R tiene dificultad para quedarse dormido (categorías) 2021","1","C","dormido_cat_21","dormido_cat_21","1...3"
"Últimos 12 meses: Estuvo hospitalizado (al menos una noche) 2021","1","C","hospitalizacion_21","hospitalizacion_21","0,1"
"Últimos 12 meses: Tuvo visitas al médico (al menos una) 2021","1","C","visita_medica_21","visita_medica_21","0,1"
"Últimos 12 meses: Tuvo cirugía ambulatoria (al menos una) 2021","1","C","ciru_ambu_21","ciru_ambu_21","0,1"
"Últimos 12 meses: Tuvo visitas al dentista (al menos una) 2021","1","C","visita_dental_21","visita_dental_21","0,1"
"Tiene derecho a servicio médico en IMSS 2021","1","C","imss_21","imss_21","0,1"
"Tiene derecho a servicio médico en ISSSTE/ISSSTE Estatal 2021","1","C","issste_21","issste_21","0,1"
"Tiene derecho a servicio médico en INSABI 2021","1","C","insabi_21","insabi_21","0,1"
"Tiene derecho a servicio médico en Pemex, Defensa o Marina 2021","1","C","pem_def_mar_21","pem_def_mar_21","0,1"
"Tiene derecho a seguro médico privado 2021","1","C","seguro_privado_21","seguro_privado_21","0,1"
"Tiene derecho a otro seguro médico 2021","1","C","otro_seguro_21","otro_seguro_21","0,1"
"Tiene derechohabiencia 2021","1","C","seguro_medico_21","seguro_medico_21","0,1"
"¿Quién tiene más peso en decisiones familiares: entrevistado o cónyuge?","1","C","peso_decis_famil_21","peso_decis_famil_21","1...3"
"Cuánto peso tiene R en decisiones personales 2021","1","C","peso_decis_personal_21","peso_decis_personal_21","1...3"
"Cuál prefiere entrevistado cuando trata de tomar decisiones médicas 2021","1","C","pref_decis_med_21","pref_decis_med_21","1...3"
"Uso del tiempo: Cuida a un adulto enfermo o discapacitado 2021","1","C","cuida_adulto_21","cuida_adulto_21","0,1"
"Uso del tiempo: Cuida a niños menores de 12 años 2021","1","C","cuida_menor_21","cuida_menor_21","0,1"
"Uso del tiempo: Voluntariado/apoyo a organización civil sin pago 2021","1","C","voluntario_21","voluntario_21","0,1"
"Uso del tiempo: Asiste a curso de capacitación, plática inf/clase 2021","1","C","asiste_cursos_21","asiste_cursos_21","0,1"
"Uso del tiempo: Asiste a un deportivo o club social 2021","1","C","asiste_club_21","asiste_club_21","0,1"
"Uso del tiempo: Lee algún libro/revista/periódico 2021","1","C","lee_21","lee_21","0,1"
"Uso del tiempo: Hace crucigramas/rompecabezas/juegos de números 2021","1","C","cruci_rompe_21","cruci_rompe_21","0,1"
"Uso del tiempo: Juega juegos de mesa como cartas/domino/ajedrez 2021","1","C","juegos_mesa_21","juegos_mesa_21","0,1"
"Uso del tiempo: Habla por teléfono/envía mensajes o usa web por computadora 2021","1","C","comu_telef_comp_21","comu_telef_comp_21","0,1"
"Uso del tiempo: Mantenimiento del hogar/reparaciones/jardinería etc. 2021","1","C","act_mant_21","act_mant_21","0,1"
"Uso del tiempo: Ve televisión 2021","1","C","ve_tv_21","ve_tv_21","0,1"
"Uso del tiempo: Cose/borda/teje/realiza manualidades 2021","1","C","cose_21","cose_21","0,1"
"La vida de R está cerca de su ideal 2021","1","C","vida_ideal_21","vida_ideal_21","1...3"
"Condiciones de vida de R son excelentes 2021","1","C","cond_excel_21","cond_excel_21","1...3"
"R está satisfecho con su vida 2021","1","C","satisfecho_21","satisfecho_21","1...3"
"R ha conseguido las cosas importantes para sí 2021","1","C","cosas_imp_21","cosas_imp_21","1...3"
"R no cambiaría casi nada de su vida si pudiera 2021","1","C","no_cambio_21","no_cambio_21","1...3"
"Con qué frecuencia siente que le falte compañía 2021","1","C","falta_compa_21","falta_compa_21","1...3"
"Con qué frecuencia se siente ignorado por los demás 2021","1","C","ignorado_21","ignorado_21","1...3"
"Con qué frecuencia se siente aislado, apartado de los demás 2021","1","C","aislado_21","aislado_21","1...3"
"Estado de empleo 2021","1","C","ocupacion_21","ocupacion_21","1...4"
"Autoreporte de Memoria 2021","1","C","memoria_21","memoria_21","1...5"
"Alguna vez le han dicho que tuvo o tiene COVID-19 2021","1","C","covid_21","covid_21","0,1"
"Esta enfermedad (COVID-19) le limita sus actividades diarias 2021","1","C","covid_lim_21","covid_lim_21","0,1"
"Nivel de estrés con relación a la pandemia COVID-19 2021","1","C","covid_estres_21","covid_estres_21","1...4"
"Fallecimiento alguno de sus hijos entre 2018-2021","1","C","fall_hijos_21","fall_hijos_21","0...2"
"Se hizo cargo de cuidar algún familiar enfermo entre 2018-2021","1","C","cuida_fam_21","cuida_fam_21","0...2"
"Tuvo alguna perdida que afectó su situación financiera entre 2018-2021","1","C","perdida_fin_21","perdida_fin_21","0...2"
"Consultó con un doctor o personal medico debido a 2021","1","C","covid_cons_21","covid_cons_21","0,1"
"Hospitalización debido a COVID-19 2021","1","C","covid_hosp_21","covid_hosp_21","0,1"
