﻿nombre_campo,longitud,tipo,nemónico,catálogo,rango_claves
"Código único de identificación del hogar (=CUNICAH)","5","C","unhhid","","00001...20218"
"Código único de identificación del hogar (=CUNICAH)","5","C","unhhid0","","00001...20218"
"Clave Única del Hogar","5","C","cunicah","","00001...20218"
"Clave Única del Hogar","5","C","cunicah0","","00001...20218"
"Número de Persona","3","C","np","","010...064"
"Número de Persona","3","C","np0","","010...064"
"Identificación única del hogar (=CUNICAH) - String","8","C","unhhidnp","","00001010...20218020"
"Código de identificación de persona 2001 (= ps3)","1","C","codent01","codent01","1,2"
"Número del Subhogar 2001","2","C","subhog_01","subhog_01","00...04,11...18,31...38,70...72,77,88,99"
"Actualización del código de hogar 2003","2","C","acthog","acthog","00...32"
"Código de identificación de persona 2003 (= ent2)","1","C","codent03","codent03","1...4"
"Número del Subhogar 2003","2","C","subhog_03","subhog_03","00...04,11...18,31...38,70...72,77,88,99"
"Número del Subhogar 2012","2","C","subhog_12","subhog_12","00...04,11...18,31...38,70...72,77,88,99"
"Número del Subhogar 2015","2","C","subhog_15","subhog_15","00...04,11...18,31...38,70...72,77,88,99"
"Número del Subhogar 2018","2","C","subhog_18","subhog_18","00...04,11…20,31...38,70...72,77,88,99"
"Número del subhogar 2021","2","C","subhog_21","subhog_21","00...04,11...21,31...40,70...72,77,99"
"Resultado de la entrevista a nivel hogar 2001","3","C","res_01","res_01","000,110...130,202...233"
"Tipo de hogar sin entrevista 2001","2","C","tipne_01","tipne_01","00,02...19"
"Tipo de entrevista 2001","2","C","tipent_01","tipent_01","11,12,21,22"
"Motivo de la Entrevista Proxy 2001","1","C","reason_proxy_01","reason_proxy_01","1...4"
"Tamaño de localidad 2001","1","C","tamloc_01","tamloc_01","1...4"
"Factor Hogar 2001","5","C","factorh_01","","16...35360"
"Factor individual 2001","5","C","factori_01","","0...44177"
"Biomarcadores peso 2001","6","C","factora_01","","0...108420"
"Edad 2001","3","C","edad_01","","018...105"
"Sexo 2001 (Hombre=1)","1","C","sexo_01","sexo_01","1,2"
"Seleccionado para medición antropométrica 2001","1","C","antro_01","antro_01","0,1"
"Resultado de las medidas antropométricas 2003","1","C","res_antro_01","res_antro_01","0,1"
"Elegible para entrevista en 2003","1","C","elegible_03","elegible_03","0,1"
"Seguimiento/nueva persona","1","C","new_sample_03","new_sample_03","1,2"
"Misma vivienda en 2003","1","C","misma_v_03","misma_v_03","1...3"
"Murió entre 2001 y 2003","1","C","fallecido_03","fallecido_03","0,1"
"Resultado de la entrevista a nivel hogar 2003","4","C","res_03","res_03","1100...1400,2012...2440,3131,3231"
"Resultado de la entrevista a nivel individual 2003","2","C","res_ent_03","res_ent_03","01,20"
"Tipo de no entrevista 2003","2","C","tipne_03","tipne_03","00,21...29"
"Tipo de entrevista 2003","2","C","tipent_03","tipent_03","11,12,21,22,31...33,42"
"Motivo de la Entrevista Proxy 2003","1","C","reason_proxy_03","reason_proxy_03","1...4"
"Factor individual 2003","5","C","factori_03","","0...46315"
"Factor Hogar 2003","5","C","factorh_03","","0...46315"
"Biomarcadores peso 2003","6","C","factora_03","","0...167630"
"Seleccionado para medición antropométrica 2003","1","C","antro_03","antro_03","0,1"
"Resultado de las medidas antropométricas 2003","1","C","res_antro_03","res_antro_03","0,1"
"Edad 2003","3","C","edad_03","edad_03","021...107,999"
"Sexo 2003 (Hombre=1)","1","C","sexo_03","sexo_03","1,2"
"Mes de nacimiento 2003","2","C","mes_03","mes_03","01...12,99"
"Año de nacimiento 2003","4","C","a_o_03","a_o_03","1910...1974,9999"
"Elegible para entrevista en 2012","1","C","elegible_12","elegible_12","0...2"
"Seguimiento y nueva muestra 2012","1","C","new_sample_12","new_sample_12","1,2"
"Misma vivienda en 2012","1","C","misma_v_12","misma_v_12","1,2"
"Tipo de no entrevista 2012","2","C","tipne_12","tipne_12","01...20"
"Tipo de entrevista 2012","1","C","tipent_12","tipent_12","1...5"
"Motivo de la Entrevista Proxy 2012","1","C","reason_proxy_12","reason_proxy_12","1...4"
"Fecha de entrevista 2012","10","C","int_date_12","","11/08/2009...08/02/2013"
"Orden de entrevista 2012 (en el hogar)","1","C","order_12","order_12","1...3"
"Murió entre 2003 y 2012","1","C","fallecido_12","fallecido_12","0,1"
"Tamaño de localidad 2012","1","C","tam_loc_12","tam_loc_12","1...4"
"Estados de alta migración 2012","1","C","eam_12","eam_12","0,1"
"Factor Hogar 2012","5","C","factorh_12","","0...72628"
"Factor individual 2012","5","C","factori_12","","0...97546"
"Biomarcadores peso 2012","6","C","factora_12","","0...133613"
"Edad 2012","3","C","age_12","age_12","021...115,888,999"
"Sexo 2012 (Hombre=1)","1","C","sex_12","sex_12","1,2"
"Submuestra seleccionada para biomarcadores / antropometría 2012","1","C","subsample_12","subsample_12","0,1"
"Resultado para biomarcadores/antropometría 2012","2","C","res_biomarkers_12","res_biomarkers_12","01...13"
"Muestra con biomarcadores 2012","1","C","biomarkers_12","biomarkers_12","0,1"
"2012 Tubo de lavanda EDTA completado","1","C","edta_12","edta_12","0,1"
"2012 completado HbA1c","1","C","hba1c_12","hba1c_12","0,1"
"Elegible para entrevista en 2015","1","C","elegible_15","elegible_15","0...2"
"Seguimiento y nueva muestra/cónyuges 2015","1","C","new_sample_15","new_sample_15","1...3"
"Misma vivienda que en 2012","1","C","misma_v_15","misma_v_15","1,2"
"Tipo de no entrevista 2015","2","C","tipne_15","tipne_15","01...17"
"Tipo de entrevista 2015","1","C","tipent_15","tipent_15","1...5"
"Motivo de la Entrevista Proxy 2015","1","C","reason_proxy_15","reason_proxy_15","1...4"
"Fecha de entrevista 2015","10","C","int_date_15","","01/10/2015...18/12/2015"
"Tipo de entrevista - Electrónico vs Papel","1","C","c_pap_15","c_pap_15","0,1"
"Murió entre 2012 y 2015","1","C","fallecido_15","fallecido_15","0,1"
"Tamaño de localidad 2015","1","C","tam_loc_15","tam_loc_15","1...4"
"Residencia actual en Estados de alta migración desde 2012","1","C","eam_15","eam_15","0,1"
"Factor Hogar 2015","5","C","factorh_15","","0...51137"
"Factor individual 2015","5","C","factori_15","","0...90984"
"Edad 2015","3","C","age_15","age_15","022...113,999"
"Sexo (Hombre=1)","1","C","sex_15","sex_15","1,2"
"Sexo validado 2015 (hombre = 1)","1","C","sex_validated_15","sex_validated_15","1,2"
"Submuestra seleccionada para Mex-Cog 2016","1","C","subsample_16","subsample_16","0,1"
"Fase Mex-Cog 2016","1","C","phase_mxcog_16","phase_mxcog_16","1,2"
"Resultado Mex-Cog para cada componente (carácter): COG / INF / ANTRO / BIOM","4","C","res_mxcog_comp_16","","0000...1111"
"Mex-Cog Resultado de los cuatro componentes","1","C","res_mxcog_16","res_mxcog_16","1...6"
"Mex-Cog Resultado de la evaluación cognitiva","1","C","res_cognitivo_16","res_cognitivo_16","1...6"
"Mex-Cog Resultado de la entrevista informante","1","C","res_informante_16","res_informante_16","1...6"
"Resultado Mex-Cog para Antropometría 2016","1","C","res_antro_16","res_antro_16","1...6"
"Muestra Mex-Cog 2016 con biomarcadores","1","C","biomarkers_16","biomarkers_16","0,1"
"Muestra Mex-Cog 2016 con tubo EDTA-Lavanda","1","C","edta_16","edta_16","0,1"
"Muestra Mex-Cog 2016 con HbA1c","1","C","hba1c_16","hba1c_16","0,1"
"Elegible para entrevista en 2018","1","C","elegible_18","elegible_18","0...2"
"Seguimiento y nueva muestra/cónyuges 2018","1","C","new_sample_18","new_sample_18","1...4"
"Tipo de no entrevista 2018","2","C","tipne_18","tipne_18","01...17"
"Misma vivienda que en 2018","1","C","misma_v_18","misma_v_18","1,2"
"Resultado de las secciones del subhogar 2018","1","C","resul_hh_18","resul_hh_18","1...3"
"Tipo de entrevista 2018","1","C","tipent_18","tipent_18","1...5"
"Motivo de la entrevista proxy 2018","1","C","reason_proxy_18","reason_proxy_18","1...4"
"Fecha de entrevista 2018","8","C","int_date_18","","09/11/2018...27/02/2019"
"Tipo de Levantamiento - Electrónico vs Papel","1","C","c_pap_18","c_pap_18","1,2"
"Murió entre 2015 y 2018","1","C","fallecido_18","fallecido_18","0,1"
"Tamaño de localidad 2018","1","C","tam_loc_18","tam_loc_18","1...4"
"Residencia actual en estados de alta migración desde 2018","1","C","eam_18","eam_18","0,1"
"Factor individual 2018","5","C","factori_18","","0...98699"
"Factor Hogar 2018","5","C","factorh_18","","0...90984"
"Edad 2018","3","C","age_18","age_18","017...115,888,999"
"Sexo 2018","1","C","sex_18","sex_18","1,2"
"Elegible para entrevista en 2021","1","C","elegible_21","elegible_21","0...2"
"Seguimiento y nueva muestra/cónyuges 2021","1","C","new_sample_21","new_sample_21","1...4"
"Tipo de no entrevista 2021","2","C","tipne_21","tipne_21","01...14"
"Misma vivienda que en 2021","1","C","misma_v_21","misma_v_21","1,2"
"Resultado de las secciones del subhogar 2021","1","C","resul_hh_21","resul_hh_21","1...3"
"Tipo de entrevista 2021","1","C","tipent_21","tipent_21","1...5"
"Motivo de la entrevista proxy 2021","1","C","reason_proxy_21","reason_proxy_21","1...4"
"Fecha de entrevista 2021","8","C","int_date_21","","10/01/2021...04/02/2022"
"Tipo de Levantamiento - Electrónico vs Papel","1","C","c_pap_21","c_pap_21","1,2"
"Murió entre 2018 y 2021","1","C","fallecido_21","fallecido_21","0...2"
"Tamaño de localidad 2021","1","C","tam_loc_21","tam_loc_21","1...4"
"Unidad Primaria de Muestreo de Diseño","8","C","upm_dis_21","","00000001...00012514"
"Estrato de diseño 2021","1","C","est_dis_21","est_dis_21","1...4"
"Residencia actual en estados de alta migración desde 2021","1","C","eam_21","eam_21","0,1"
"Factor individual 2021","6","C","factori_21","","0...116633"
"Factor Hogar 2021","5","C","factorh_21","","0...98872"
"Edad 2021","3","C","age_21","age_21","017...107,888,999"
"Sexo","1","C","sex_21","sex_21","1,2"
